Nom,Pr√©nom,Email,Phone
Fry,Keith,smarshall@example.net,405.970.4736
Bush,James,hayescheryl@example.org,+1-911-990-3849x7929
Soto,Cassandra,mperkins@example.net,745-803-3885
Washington,Jackie,hodgeerin@example.org,001-635-522-8613x67464
Wilkins,Jack,gregorywilson@example.net,001-865-349-6522
Miles,Dawn,paynesteven@example.com,3029890493
Hardy,Eric,masonbrandon@example.org,001-291-245-8653x200
Fields,Joseph,anthony34@example.net,499-325-9234
Lopez,Sarah,umartin@example.net,001-935-849-9728
Hendricks,Matthew,steventhompson@example.org,224-267-6293
Thomas,Gordon,melissa64@example.org,+1-331-312-0582
Logan,Jeffrey,gpowell@example.com,(673)638-2119x645
Campbell,Lisa,adriangates@example.org,+1-468-612-0907
Gross,Brandon,joejones@example.com,001-627-880-5250x0260
Sanchez,Julian,dorothy89@example.org,298-909-9554x3792
Rangel,Paul,kgibson@example.com,592.238.4238x22806
Williams,Curtis,richardharris@example.com,(505)314-7172
Anderson,Kathy,kingmarie@example.org,+1-686-247-8652x143
Jordan,Robert,kimberly12@example.org,+1-718-550-8136
Johnson,Austin,valeriesalazar@example.org,(800)414-7109x06996
